{"cameraMode":{"drawMode":0,"name":"Shaded","section":"Shading Mode"},"sceneLighting":false,"audioPlay":false,"sceneViewState":{"m_AlwaysRefresh":false,"showFog":true,"showSkybox":false,"showFlares":true,"showImageEffects":true,"showParticleSystems":true,"showVisualEffectGraphs":true,"m_FxEnabled":true},"in2DMode":false,"pivot":{"x":-0.03498673439025879,"y":0.13431930541992188,"z":1.9434757232666016},"rotation":{"x":0.21616363525390626,"y":-0.14871442317962647,"z":0.03333461284637451,"w":0.9643954634666443},"size":1.435657024383545,"orthographic":true}