{"cameraMode":{"drawMode":0,"name":"Shaded","section":"Shading Mode"},"sceneLighting":false,"audioPlay":false,"sceneViewState":{"m_AlwaysRefresh":false,"showFog":true,"showSkybox":false,"showFlares":true,"showImageEffects":true,"showParticleSystems":true,"showVisualEffectGraphs":true,"m_FxEnabled":true},"in2DMode":false,"pivot":{"x":-9.096068382263184,"y":0.13415652513504029,"z":3.6490368843078615},"rotation":{"x":0.11306406557559967,"y":-0.6251547932624817,"z":0.09217986464500427,"w":0.7667804956436157},"size":5.758088111877441,"orthographic":false}