{"cameraMode":{"drawMode":0,"name":"Shaded","section":"Shading Mode"},"sceneLighting":false,"audioPlay":false,"sceneViewState":{"m_AlwaysRefresh":false,"showFog":true,"showSkybox":false,"showFlares":true,"showImageEffects":true,"showParticleSystems":true,"showVisualEffectGraphs":true,"m_FxEnabled":true},"in2DMode":false,"pivot":{"x":-0.022805213928222657,"y":1.988204002380371,"z":3.0967392921447756},"rotation":{"x":0.2047068327665329,"y":-0.5913256406784058,"z":0.15854927897453309,"w":0.7637972831726074},"size":2.886216402053833,"orthographic":false}