{"cameraMode":{"drawMode":0,"name":"Shaded","section":"Shading Mode"},"sceneLighting":false,"audioPlay":false,"sceneViewState":{"m_AlwaysRefresh":false,"showFog":true,"showSkybox":false,"showFlares":true,"showImageEffects":true,"showParticleSystems":true,"showVisualEffectGraphs":true,"m_FxEnabled":true},"in2DMode":false,"pivot":{"x":0.9967198967933655,"y":1.4647948741912842,"z":3.8345212936401369},"rotation":{"x":0.18581488728523255,"y":-0.002946666209027171,"z":0.0005616380367428064,"w":0.982604444026947},"size":2.9753217697143556,"orthographic":false}