{"cameraMode":{"drawMode":0,"name":"Shaded","section":"Shading Mode"},"sceneLighting":false,"audioPlay":false,"sceneViewState":{"m_AlwaysRefresh":false,"showFog":true,"showSkybox":false,"showFlares":true,"showImageEffects":true,"showParticleSystems":true,"showVisualEffectGraphs":true,"m_FxEnabled":true},"in2DMode":false,"pivot":{"x":0.033593468368053439,"y":-1.230293869972229,"z":0.22430925071239472},"rotation":{"x":0.675415575504303,"y":-0.04737035185098648,"z":0.043708622455596927,"w":0.7346819639205933},"size":1.404152512550354,"orthographic":false}